{
  "Mo": 0.71073,
  "MoKa1": 0.70930,
  "MoKa1Ka2": 0.71073,
  "Ag": 0.56087,
  "AgKa1": 0.55941,
  "AgKa1Ka2": 0.56087,
  "Cu": 1.54184,
  "CuKa1": 1.54056,
  "CuKa1Ka2": 1.54184
}
